"run","run_length","initial_clients","average_queue_delay","scenario"
1,20,0,1.16880095837387,"n = 20, initial = 0"
2,20,0,1.10629692096385,"n = 20, initial = 0"
3,20,0,0.668424308940904,"n = 20, initial = 0"
4,20,0,0.300508052928323,"n = 20, initial = 0"
5,20,0,1.53577872233742,"n = 20, initial = 0"
6,20,0,0.671176566232985,"n = 20, initial = 0"
7,20,0,0.175162143504071,"n = 20, initial = 0"
8,20,0,0.312593247370051,"n = 20, initial = 0"
9,20,0,0.0560442302762081,"n = 20, initial = 0"
10,20,0,0.342766438363251,"n = 20, initial = 0"
11,20,0,0.0457905427574279,"n = 20, initial = 0"
12,20,0,0.38647048977391,"n = 20, initial = 0"
13,20,0,0.114265297445359,"n = 20, initial = 0"
14,20,0,0.858225107188425,"n = 20, initial = 0"
15,20,0,0.0518888112173174,"n = 20, initial = 0"
16,20,0,0.047562439610877,"n = 20, initial = 0"
17,20,0,0.0637815150088922,"n = 20, initial = 0"
18,20,0,1.54819284769401,"n = 20, initial = 0"
19,20,0,0.156583314670425,"n = 20, initial = 0"
20,20,0,0.361183373399784,"n = 20, initial = 0"
21,20,0,0.0952051536724387,"n = 20, initial = 0"
22,20,0,0.88124047261455,"n = 20, initial = 0"
23,20,0,0.144493869330211,"n = 20, initial = 0"
24,20,0,0.474652662325586,"n = 20, initial = 0"
25,20,0,0.026348941324529,"n = 20, initial = 0"
1,2000,0,0.626341851132275,"n = 2000, initial = 0"
2,2000,0,0.785932021587192,"n = 2000, initial = 0"
3,2000,0,0.473372032604955,"n = 2000, initial = 0"
4,2000,0,0.586040825758083,"n = 2000, initial = 0"
5,2000,0,0.693950514303302,"n = 2000, initial = 0"
6,2000,0,0.773849600877529,"n = 2000, initial = 0"
7,2000,0,0.790150210373624,"n = 2000, initial = 0"
8,2000,0,0.541537111566155,"n = 2000, initial = 0"
9,2000,0,0.576182690556404,"n = 2000, initial = 0"
10,2000,0,0.736280605163641,"n = 2000, initial = 0"
11,2000,0,0.604517109948725,"n = 2000, initial = 0"
12,2000,0,0.77582279546464,"n = 2000, initial = 0"
13,2000,0,0.743883759304014,"n = 2000, initial = 0"
14,2000,0,0.921410678631294,"n = 2000, initial = 0"
15,2000,0,0.689907455972852,"n = 2000, initial = 0"
16,2000,0,0.848477883712431,"n = 2000, initial = 0"
17,2000,0,0.740386269907673,"n = 2000, initial = 0"
18,2000,0,0.744577870930259,"n = 2000, initial = 0"
19,2000,0,0.711620938451179,"n = 2000, initial = 0"
20,2000,0,1.03552154192454,"n = 2000, initial = 0"
21,2000,0,0.693821724596219,"n = 2000, initial = 0"
22,2000,0,0.747576576170339,"n = 2000, initial = 0"
23,2000,0,0.49688449061795,"n = 2000, initial = 0"
24,2000,0,0.816147042469454,"n = 2000, initial = 0"
25,2000,0,0.742568609485549,"n = 2000, initial = 0"
1,20,10,0.905040201934793,"n = 20, initial = 10"
2,20,10,1.7852317545991,"n = 20, initial = 10"
3,20,10,1.56219832866989,"n = 20, initial = 10"
4,20,10,0.895241679355455,"n = 20, initial = 10"
5,20,10,1.77663058226322,"n = 20, initial = 10"
6,20,10,1.57002513320899,"n = 20, initial = 10"
7,20,10,2.22201322288693,"n = 20, initial = 10"
8,20,10,1.67206714608294,"n = 20, initial = 10"
9,20,10,2.44072928489719,"n = 20, initial = 10"
10,20,10,1.45381710157704,"n = 20, initial = 10"
11,20,10,2.22340027817545,"n = 20, initial = 10"
12,20,10,0.910551783540604,"n = 20, initial = 10"
13,20,10,1.15888746785115,"n = 20, initial = 10"
14,20,10,1.30523152268189,"n = 20, initial = 10"
15,20,10,2.08724297146966,"n = 20, initial = 10"
16,20,10,0.530793980015878,"n = 20, initial = 10"
17,20,10,1.28362373919051,"n = 20, initial = 10"
18,20,10,1.8414215158981,"n = 20, initial = 10"
19,20,10,0.713480425093745,"n = 20, initial = 10"
20,20,10,1.11815379229484,"n = 20, initial = 10"
21,20,10,1.67394082559327,"n = 20, initial = 10"
22,20,10,0.82173522448175,"n = 20, initial = 10"
23,20,10,0.898907481647844,"n = 20, initial = 10"
24,20,10,1.30179478414459,"n = 20, initial = 10"
25,20,10,1.44949049661059,"n = 20, initial = 10"
1,2000,10,0.921667115298814,"n = 2000, initial = 10"
2,2000,10,0.707282837526843,"n = 2000, initial = 10"
3,2000,10,0.742513145924818,"n = 2000, initial = 10"
4,2000,10,0.614768689560588,"n = 2000, initial = 10"
5,2000,10,0.665105951110293,"n = 2000, initial = 10"
6,2000,10,0.824179438445146,"n = 2000, initial = 10"
7,2000,10,0.690056748045511,"n = 2000, initial = 10"
8,2000,10,0.631802042331653,"n = 2000, initial = 10"
9,2000,10,0.920923467476544,"n = 2000, initial = 10"
10,2000,10,1.09336844144929,"n = 2000, initial = 10"
11,2000,10,0.494143214562181,"n = 2000, initial = 10"
12,2000,10,0.715194556100733,"n = 2000, initial = 10"
13,2000,10,0.525414943550793,"n = 2000, initial = 10"
14,2000,10,0.791473037433054,"n = 2000, initial = 10"
15,2000,10,0.779310273922996,"n = 2000, initial = 10"
16,2000,10,0.526887485115036,"n = 2000, initial = 10"
17,2000,10,0.816163587181011,"n = 2000, initial = 10"
18,2000,10,1.01889866011806,"n = 2000, initial = 10"
19,2000,10,0.829293086007733,"n = 2000, initial = 10"
20,2000,10,0.711774458955906,"n = 2000, initial = 10"
21,2000,10,0.615233592532973,"n = 2000, initial = 10"
22,2000,10,0.745451157106464,"n = 2000, initial = 10"
23,2000,10,0.710474967447602,"n = 2000, initial = 10"
24,2000,10,0.74443344697261,"n = 2000, initial = 10"
25,2000,10,0.595734371359656,"n = 2000, initial = 10"
