"traffic_intensity","number_of_delays","relative_error","required_replicates","achieved_relative_error","estimated_mean","theoretical_mean","theoretical_variance"
0.5,100,0.05,406,0.049978941025782,0.975278048075119,1,3
0.5,100,0.1,101,0.0993478721439925,1.02829009872917,1,3
0.5,100,0.2,34,0.19502905835401,1.01447561724426,1,3
0.8,100,0.05,1013,0.0499604407546368,3.97297163366864,4,24
0.8,100,0.1,223,0.0998417150103345,3.9791633466065,4,24
0.8,100,0.2,59,0.196023533943757,4.19086232003379,4,24
0.95,100,0.05,1643,0.0499810206641536,19.0909058392718,19,398.999999999999
0.95,100,0.1,417,0.0999438901928719,19.8737934111493,19,398.999999999999
0.95,100,0.2,93,0.199838402064622,18.5174745810324,19,398.999999999999
0.5,1000,0.05,44,0.0497749698365367,0.979391917548461,1,3
0.5,1000,0.1,18,0.0977517941605855,1.0242738732005,1,3
0.5,1000,0.2,10,0.151886328508983,1.01537268400367,1,3
0.8,1000,0.05,180,0.0498978510912487,3.97038977051017,4,24
0.8,1000,0.1,14,0.098204030499049,3.86749001183907,4,24
0.8,1000,0.2,10,0.136361973882198,3.8259940751627,4,24
0.95,1000,0.05,1059,0.0499904228842272,18.9635508180474,19,398.999999999999
0.95,1000,0.1,208,0.0997539395155236,18.6056616646484,19,398.999999999999
0.95,1000,0.2,45,0.199685522654161,17.7321472038473,19,398.999999999999
